,MAE,RMSE,R2_Score
best_model_Linear_Regression.joblib,0.5672840795196437,0.7053797455186438,-0.17512823402370503
